Organisation Name,Town/City,County,Type & Rating,Route
 A KARIM PHARMA LTD,"Clayton, Bradford",,Worker (A rating),Skilled Worker
 A M ELECTRICAL INSTALLATIONS LIMITED,Halesowen,West Midlands,Worker (A rating),Skilled Worker
 A-Z LIVE LTD,Kingston,NULL,Worker (A rating),Skilled Worker
 A1 PREMIER SERVICES LIMITED,Solihull,,Worker (A rating),Skilled Worker
 A4 RETAIL LIMITED T/A Braes Of Kirriemuir,Kirriemuir,NULL,Worker (A rating),Skilled Worker
 Aaban Partnership Limited,Accrington,Lancashire,Worker (A rating),Skilled Worker
 Abinaya Sivam & Aravinthan Alagaiah T/A Sedgefield convenient store,Stockton-on-Tees,,Worker (A rating),Skilled Worker
 AbleCare (Menwinnion) Ltd T/A Menwinnion Country House Care Home ,Penzance,Cornwall,Worker (A rating),Skilled Worker
 AHMAD MEATS LTD,Leeds,,Worker (A rating),Skilled Worker
 AJ & CO (Devon) LTD,Plymouth,,Worker (A rating),Skilled Worker
 AJ'S STORES LTD ,Sunderland  ,,Worker (A rating),Skilled Worker
 AJIBAN RAJ JAYENTHIRAN T/A ANNA LOCAL EXPRESS ?¢???? GO LOCAL,Chesterfield,,Worker (A rating),Skilled Worker
 ANCHOR CATERING LIMITED,Kent,,Worker (A rating),Skilled Worker
 Anitha Bangaru T/A Springs Dental Studio,Darlington,County Durham,Worker (A rating),Skilled Worker
 ANNAI MARY PRIVATE LIMITED,Aberdeen Scotland,NULL,Worker (A rating),Skilled Worker
 ARCTURUS CAPITAL ADVISORS LTD ,Brighton,,Worker (A rating),Skilled Worker
 ARIANA STAR LTD,Slough,,Worker (A rating),Skilled Worker
 Arlington and Stone,Bristol,Avon,Worker (A rating),Skilled Worker
 ATOMIC SLEEP LTD,Batley,,Worker (A rating),Skilled Worker
 Auto Salvage International Limited,Oldham,,Worker (A rating),Skilled Worker
 BELLS OF LAZONBY LIMITED,PENRITH ,CUMBRIA ,Worker (A rating),Skilled Worker
 BEN HARD (UK1) INVESTMENT LTD,Birmingham, Small Heath,Worker (A rating),Skilled Worker
 BIRDVIEW LOGISTICS LIMITED,Liverpool,,Worker (A rating),Skilled Worker
 Bobbyâ??s Newsagent Limited,Bristol,,Worker (A rating),Skilled Worker
 BOLTWHIZ LIMITED,Dunfermline,Scotland,Worker (A rating),Skilled Worker
 Bossmans Retail Abergavenny Ltd,Abergavenny,,Worker (A rating),Skilled Worker
 BRANOS OXFORD LTD T/A LILO,Oxford,,Worker (A rating),Skilled Worker
 BRITANNIA BUSINESS CONSULTING LIMITED,London,,Worker (A rating),Skilled Worker
 Brooke Healthcare Ltd ,Nottingham,,Worker (A rating),Skilled Worker
 BW Refrigeration & Air Conditioning Limited,Great Yarmouth,Norfolk,Worker (A rating),Skilled Worker
 BZK PIZZAWORKS LTD,Eastwood,NULL,Worker (A rating),Skilled Worker
 C. BECHSTEIN HALL LIMITED,London,,Worker (A rating),Skilled Worker
 CAKE GLORY LTD LTD,Hayes,,Worker (A rating),Skilled Worker
 CANTON ELEMENT LIMITED,LONDON,,Worker (A rating),Skilled Worker
 CASA BAMBOO LTD T/a Pho Le Vietnamese Restaurant,Leicester,,Worker (A rating),Skilled Worker
 Charcoal Chicken Leeds Ltd,Leeds,,Worker (A rating),Skilled Worker
 CHENDHUR INFOTECH LTD,London,,Worker (A rating),Skilled Worker
 CITY STORE PVT LTD,Farnborough,Hampshire,Worker (A rating),Skilled Worker
 COST CUTTER RUGBY LIMITED    ,RUGBY,WARWICKSHIRE ,Worker (A rating),Skilled Worker
 CREATIVE CARE HOME LIMITED,Halifax,,Worker (A rating),Skilled Worker
 Eleven Hillrise Investments Ltd T/A Chez Lindsay,Richmond,,Worker (A rating),Skilled Worker
 Everest Kitchen Ltd T/A Gurkha Swindon,Swindon,Wiltshire,Worker (A rating),Skilled Worker
 F-Secure (UK) Limited,Gerrards Cross,Buckinghamshire,Worker (A rating),Skilled Worker
 FAB DJ LTD,LONDON,NULL,Worker (A rating),Skilled Worker
 Fareni Lifecare Ltd,Essex,,Worker (A rating),Skilled Worker
 FAST TRACK CONSULTANCY LIMITED,London,,Worker (A rating),Skilled Worker
 Five Talents UK LTD,London,,Worker (A rating),Skilled Worker
 Fusion Flavours Newcastle Ltd,NEWCASTLE,,Worker (A rating),Skilled Worker
 Fylde Private GP ,Lancashire,,Worker (A rating),Skilled Worker
 GLOBAL FACILITY MANAGEMENT MCR LIMITED,Manchester,,Worker (A rating),Skilled Worker
 GLOW BEAUTY EMPORIUM LTD,Huddersfield,,Worker (A rating),Skilled Worker
 Gott and Robinson,Grange Over Sands,Cumbria,Worker (A rating),Skilled Worker
 GUJJAR ALLIANCE LTD,Bathgate,,Worker (A rating),Skilled Worker
 HAH Hospitality Limited t/a Indian Affair Ancoats,Manchester,,Worker (A rating),Skilled Worker
 Hamilton Trader Ltd,Birmingham,,Worker (A rating),Skilled Worker
 HARI EXPRESS LIMITED T/A LIMEHOUSE NEWSAGENTS,LONDON,,Worker (A rating),Skilled Worker
 HATTI LONDON LTD,London,,Worker (A rating),Skilled Worker
 Haven Care (Trade Name),Derby,Derbyshire ,Worker (A rating),Skilled Worker
 HAWTHORN MANOR LIMITED t/as Hawthorn Manor Residential Home ,Gillingham,Kent,Worker (A rating),Skilled Worker
 HH KITCHENS LTD Trading as Caprinos Pizza Heywood,Heywood,,Worker (A rating),Skilled Worker
 Hilton Pharmacy Ltd T/A Hilton Pharmacy & Opticians ,Hilton,Derby,Worker (A rating),Skilled Worker
 Hotel Templeton Garden Limited,London  ,,Worker (A rating),Skilled Worker
 Ian Tappin t/a Lovat House Residential Care Home,Wokingham,Berkshire,Worker (A rating),Skilled Worker
 IDAQ LIMITED,Sheffield,,Worker (A rating),Skilled Worker
 IGOROTASHI LTD,Whitstable,Kent,Worker (A rating),Skilled Worker
 INDELIBLY RETAIL LTD,Windsor,,Worker (A rating),Skilled Worker
 Iqbal & Co Superstore ,Cupar,,Worker (A rating),Skilled Worker
 ITVIB LIMITED,Reading,Berkshire,Worker (A rating),Skilled Worker
 JAGGI GARDERNER LTD,Hounslow,,Worker (A rating),Skilled Worker
 JEREMY BLAKE LTD,London,,Worker (A rating),Skilled Worker
 Jess Flowers Limited,Middlesex,,Worker (A rating),Skilled Worker
 Jideoni Ltd,London,,Worker (A rating),Skilled Worker
 JJ PROPERTY REPAIRS LTD,Ilford,,Worker (A rating),Skilled Worker
 Joyce Care Support Ltd ,Milton Keynes,,Worker (A rating),Skilled Worker
 KHAN WHOLESALE LTD,London,,Worker (A rating),Skilled Worker
 KHYBER BAKERY,OLDHAM,MANCHESTER,Worker (A rating),Skilled Worker
 Kidlington China Delight Limited,Kidlington,,Worker (A rating),Skilled Worker
 KINGS BALTI,Durham,,Worker (A rating),Skilled Worker
 KIPPA ENTERPRISES LTD,Birmingham,,Worker (A rating),Skilled Worker
 KK9RECRUITMENT LTD,LUTON,,Worker (A rating),Skilled Worker
 KLD IMPORTS LIMITED,Preston,,Worker (A rating),Skilled Worker
 Krystal Ventures Limited,Gillingham,KENT,Worker (A rating),Skilled Worker
 LAXPERMIT LIMITED T/A INDIAN TIMES,stonehouse,,Worker (A rating),Skilled Worker
 LEAPFROG A.I. LTD,London,,Worker (A rating),Skilled Worker
 LETCHWORTH REHABILITATION & PHYSIOTHERAPY CENTRE LTD,STEVENAGE,,Worker (A rating),Skilled Worker
 London Aesthetics U.K Ltd,London,,Worker (A rating),Skilled Worker
 M Y Fishmongers ,London ,,Worker (A rating),Skilled Worker
 M&MWORKFORCELTD, Shoreham-By-Sea,,Worker (A rating),Skilled Worker
 Mahadevan Vikneswaran T/A Easebourne Village Store,Midhurst ,West Sussex,Worker (A rating),Skilled Worker
 MARGARET ROAD STORES LTD,"HAMILTON, ",,Worker (A rating),Skilled Worker
 MASS COMPLETE PROPERTY SOLUTIONS LTD,"Hertfordshire, United Kingdom",,Worker (A rating),Skilled Worker
 Maxwell Equipment Hire Ltd , Birmingham,,Worker (A rating),Skilled Worker
 Mobile Up Ltd,Oswestry,,Worker (A rating),Skilled Worker
 Mr D A J HODGE,Okehampton,Devon,Worker (A rating),Skilled Worker
 Mrs Prashanthy Shathyakaran T/A Manor News ,"Bexhill, ",East Sussex ,Worker (A rating),Skilled Worker
 MRS SATHTHIYA SRIKUMAR  T/A MAIDSTONE FOOD AND WINE  ,Maidstone ,,Worker (A rating),Skilled Worker
 Mughal Boutique ,Keighley,,Worker (A rating),Skilled Worker
 MULTIPLIER TECHNOLOGIES UK LTD,London,,Worker (A rating),Skilled Worker
 Nakshatra Limited,Harrow,,Worker (A rating),Skilled Worker
 NEPAL DINE BEESTON LTD,Beeston,,Worker (A rating),Skilled Worker
 NEW PAYLESS LTD,London,,Worker (A rating),Skilled Worker
 Nirmalan Vinayagamoorthy T/A,London,,Worker (A rating),Skilled Worker
 NO.1. DISTRIBUTION LIMITED,"Walsall, West Midlands",NULL,Worker (A rating),Skilled Worker
 NOMAN INTERNATIONAL LONDON LTD,Birmingham,,Worker (A rating),Skilled Worker
 O S & Ali Services(London) Limited,Manchester,,Worker (A rating),Skilled Worker
 OVEN SHINERS LIMITED,South Godstone,,Worker (A rating),Skilled Worker
 PAPRIS IT UK LTD,Wallington,,Worker (A rating),Skilled Worker
 PARTS4HYBRID LTD,Mitcham,,Worker (A rating),Skilled Worker
 PEP Health ,London,England,Worker (A rating),Skilled Worker
 PHONEBOX GADGETS LTD,"Rugby, Warwickshire",England,Worker (A rating),Skilled Worker
" PINAL DAYA, T/A LONDIS",NORTHAMPTON,,Worker (A rating),Skilled Worker
 PIZZA HACK LIMITED,Gravesend,"England,",Worker (A rating),Skilled Worker
 PLATINUM PIZZA LTD,Bolton,,Worker (A rating),Skilled Worker
 PRAKASH BUILDER LIMITED, LEICESTER,,Worker (A rating),Skilled Worker
 Premier Pencoed Mini Market,Pencoed,Bridgend,Worker (A rating),Skilled Worker
 Priory News,Tonbridge,,Worker (A rating),Skilled Worker
 Private Energy Partners (UK)  Ltd,Swindon,,Worker (A rating),Skilled Worker
 Prospot Limited,Tamworth,,Worker (A rating),Skilled Worker
 QA TAKEAWAY LIMITED t/a Red Chillies,Alloa,,Worker (A rating),Skilled Worker
 R & Z GLOBAL SERVICES LTD,London,,Worker (A rating),Skilled Worker
 R J PRIVATE LIMITED T/A Morrisons fuel station,"Gloucester,",Gloucestershire,Worker (A rating),Skilled Worker
 Raia Health Limited ,Altrincham,,Worker (A rating),Skilled Worker
" RAVEENTHIRAN KOGULARAJ, T/A K.L.M CONVENIENCE STORE",CLACTON - ON- SEA,,Worker (A rating),Skilled Worker
 Renn Consultancy Ltd t/a Emulous Water,Wells,Somerset,Worker (A rating),Skilled Worker
 Riverside medical practice,Blackwood,Caerphilly,Worker (A rating),Skilled Worker
 RMJ PVT Ltd,Nottinghamshire,,Worker (A rating),Skilled Worker
 ROSINANTE PROPERTY HOLDINGS LIMITED," Ilford,",,Worker (A rating),Skilled Worker
 Rotamat Limited trading as Huber Technology ,"Chippenham,",Wiltshire,Worker (A rating),Skilled Worker
 S & V BARTON LTD,NORTHAMTON,,Worker (A rating),Skilled Worker
 S S Haulage (Derby) Limited,Littleover, Derby,Worker (A rating),Skilled Worker
 SAI CONVENIENCE & NEWSAGENT LIMITED,Sevenoaks,,Worker (A rating),Skilled Worker
 SAM AND RAJ TRADING LIMITED,Southall,,Worker (A rating),Skilled Worker
 SARP LEGAL CONSULTANCY LTD,London,NULL,Worker (A rating),Skilled Worker
 SAZ PROP LIMITED,London,United Kingdom,Worker (A rating),Skilled Worker
 SEAHAM HIGH SCHOOL,SEAHAM,CO.DURHAM,Worker (A rating),Skilled Worker
 SGTBS LIMITED,ENGLAND,,Worker (A rating),Skilled Worker
 SHERBORNE CURRY LIMITED,Sherborne ,Dorset ,Worker (A rating),Skilled Worker
 SHIYAN DRY CLEANERS LTD,Stanmore,,Worker (A rating),Skilled Worker
 Silverstar Packaging Limited,Barking ,,Worker (A rating),Skilled Worker
 SR Global Clinical Limited,Milton Keynes,,Worker (A rating),Skilled Worker
 SUNNY ICE LTD,"Coatbridge,",,Worker (A rating),Skilled Worker
 SWAN TEST AND CALIBRATION LIMITED,Bolton,,Worker (A rating),Skilled Worker
 Sweep London Limited,London,,Worker (A rating),Skilled Worker
 The Dental Suite,Southampton,,Worker (A rating),Skilled Worker
 The Donna Karan Company Store (UK) Ltd,London,,Worker (A rating),Skilled Worker
 The Fox Tavern,Rowley Regis,,Worker (A rating),Skilled Worker
 The Islamic Cultural Centre Zakariyya Jaam'e Masjid,Bolton,,Worker (A rating),Skilled Worker
 The Meating Room,Berkhamsted,NULL,Worker (A rating),Skilled Worker
 TOP BEAUTY CENTRE LIMITED ,WELLINGBOROUGH,,Worker (A rating),Skilled Worker
 TRADE KITCHENS BY DTN LTD  ,Oldham,,Worker (A rating),Skilled Worker
 TST NOTTINGHAM TYRES AUTO LTD,Nottingham,,Worker (A rating),Skilled Worker
 Tutis Estates ,Coventry,,Worker (A rating),Skilled Worker
 UK SPRAY INSULATION LIMITED,HAYES,MIDDLESEX,Worker (A rating),Skilled Worker
 Usman's Supermarket  ,Sheffield,,Worker (A rating),Skilled Worker
 V-Count UK LTD,London,,Worker (A rating),Skilled Worker
 VENKATESH ANKAM T/A Church Street Dental Practice,Wigan,,Worker (A rating),Skilled Worker
 viceroy Cars Limited,Epsom,Surrey,Worker (A rating),Skilled Worker
 VICKY 1 LIMITED t/a Ayat Curry House,West Kilbride,,Worker (A rating),Skilled Worker
 WEST FACE SCHOOL OF BUSINESS LTD,London,,Worker (A rating),Skilled Worker
 WICKET ELECTRONIC LIMITED,London,,Worker (A rating),Skilled Worker
 Your Store-Costcutter,Holmewood ,Chesterfield ,Worker (A rating),Skilled Worker
 Z N A CATERING LIMITED,Stoke-On-Trent,,Worker (A rating),Skilled Worker
 ZK STORES LTD,Manchester,,Worker (A rating),Skilled Worker
"""K"" Line Energy Shipping (UK) Limited",LONDON,NULL,Worker (A rating),Skilled Worker
&SISTERS LTD,London,,Worker (A rating),Skilled Worker
'O Ver St. James Ltd,London,,Worker (A rating),Skilled Worker
(A1F1 Limited T/A ) Ultrasound Direct London,Croydon,London,Worker (A rating),Skilled Worker
(IECC Care) Independent Excel Care Consortium Limited,Colchester,,Worker (A rating),Skilled Worker
-Seabrook House Ltd,Exeter,,Worker (A rating),Skilled Worker
.LITTLE NOORIYAH LTD,Smethwick,,Worker (A rating),Skilled Worker
???£ ESS LTD,Manchester,,Worker (A rating),Skilled Worker
@ Architect UK Ltd,West Horndon,Essex,Worker (A rating),Skilled Worker
@ Home Accommodation Services Ltd,London,NULL,Worker (A rating),Skilled Worker
@ Ur Eaz Ltd,High Wycombe,,Worker (A rating),Skilled Worker
@@@ FILER LIMITED,Bolton,,Worker (A rating),Skilled Worker
[AI] INFINITI LIMITED,Croydon,England,Worker (A rating),Skilled Worker
`Brunswick Stores Limited, Leamington Spa ,Warwickshire,Worker (A rating),Skilled Worker
003 Ltd,Hounslow,,Worker (A rating),Skilled Worker
007 Taxi Limited ,Oxford,Oxfordshire,Worker (A rating),Skilled Worker
0086 Ltd,London,,Worker (A rating),Skilled Worker
00Nation Limited,London,London,Worker (A rating),Skilled Worker
01 ACCOUNTING SERVICES LTD,LONDON,NULL,Worker (A rating),Skilled Worker
01 Accounting Services Ltd,London,,Worker (A rating),Skilled Worker
012 Global Ltd,London,NULL,Worker (A rating),Skilled Worker
023 LTD,Edinburgh,,Worker (A rating),Skilled Worker
09 Care Limited ,Bradford,,Worker (A rating),Skilled Worker
0xA Technologies Ltd,London,,Worker (A rating),Skilled Worker
1 ACE TRAINING LIMITED,London,,Worker (A rating),Skilled Worker
1 ALS LIMITED,London,,Worker (A rating),Skilled Worker
1 AND 1 ROUGAMO LIMITED,Cambridge,,Worker (A rating),Skilled Worker
1 And 5 Tech Ltd,Slough,,Worker (A rating),Skilled Worker
1 Answer Insurance Services LTD.,Polegate,East Sussex,Worker (A rating),Skilled Worker
1 Bishops Avenue Limited,London,,Worker (A rating),Skilled Worker
1 CHA LTD,LONDON,,Worker (A rating),Skilled Worker
1 Digitals Europe Limited,Slough,,Worker (A rating),Skilled Worker
1 Green Foods Ltd,Northolt,,Worker (A rating),Skilled Worker
1 Homecare Ltd,Preston,Lancashire,Worker (A rating),Skilled Worker
1 Indus Limited,Bath,,Worker (A rating),Skilled Worker
1 Key Solution Limited,Leicester,,Worker (A rating),Skilled Worker
1 Kings Dental Limited,London,NULL,Worker (A rating),Skilled Worker
1 Life London Limited,Streatham,,Worker (A rating),Skilled Worker
1 Oak Home Care,Sudbury,Suffolk,Worker (A rating),Skilled Worker
1 Oak Leisure Ireland Ltd,Cookstown,Tyrone,Worker (A rating),Skilled Worker
1 REPAIR LTD,Clarkston,Glasgow,Worker (A rating),Skilled Worker
1 Step beyond Support Ltd,Cannock,Staffordshire,Worker (A rating),Skilled Worker
1 STOP CARS LTD,STAINES,,Worker (A rating),Skilled Worker
1 Stop Print Ltd,Ilford,,Worker (A rating),Skilled Worker
1 STOP REC LIMITED,ESSEX,,Worker (A rating),Skilled Worker
1 Stop Wash Ltd,London,,Worker (A rating),Skilled Worker
1 WAY TECH SOLUTIONS LIMITED,London,,Worker (A rating),Skilled Worker
1-2 Achieve,Downham Market,Norfolk,Worker (A rating),Skilled Worker
1-2 Call Cars Ltd,Hampshire,,Worker (A rating),Skilled Worker
1-VIA LTD,Reading,Berkshire,Worker (A rating),Skilled Worker
10 DAYS STUDIO LTD,London,,Worker (A rating),Skilled Worker
10 DINING STREET LIMITED,Oakham,,Worker (A rating),Skilled Worker
10 Europe Limited,Edinburgh,NULL,Worker (A rating),Skilled Worker
10 Squared Ltd,Pocklington,East riding of yorkshire,Worker (A rating),Skilled Worker
10/10 MEDICAL LIMITED,SOUTHPORT,,Worker (A rating),Skilled Worker
10:10 Games Limited,Warrington,Cheshire,Worker (A rating),Skilled Worker
100 Percent Cornwall Ltd,Truro ,Cornwall,Worker (A rating),Skilled Worker
100% HALAL MEAT STORES LTD,Birmingham,,Worker (A rating),Skilled Worker
1000 Trades Limited ,Birmingham,,Worker (A rating),Skilled Worker
1000heads Ltd,London,NULL,Worker (A rating),Skilled Worker
100Starlings Ltd,London,,Worker (A rating),Skilled Worker
101 A+D Ltd.,Bristol,,Worker (A rating),Skilled Worker
101 Byres Road Limited,Glasgow,,Worker (A rating),Skilled Worker
101 Harley Street LTD,London,,Worker (A rating),Skilled Worker
101 Healthcare ltd ,Gloucester,,Worker (A rating),Skilled Worker
101 Studios UK Limited,London,,Worker (A rating),Skilled Worker
101 Ways Limited,London,,Worker (A rating),Skilled Worker
1010 Restaurant @ The Blacksmiths arms ,Billingshurst,West Sussex,Worker (A rating),Skilled Worker
105 West Architects Ltd,Bristol,,Worker (A rating),Skilled Worker
1066 Foodservice Limited trading as Roosters Piri Piri,Harrow,Middlesex,Worker (A rating),Skilled Worker
1066 PLUMBING AND HEATING LTD,"St. Leonards-On-Sea,",,Worker (A rating),Skilled Worker
107 Cannon Street Limited,London,,Worker (A rating),Skilled Worker
108 RETAIL LIMITED T/A SPAR,Glasgow,,Worker (A rating),Skilled Worker
1080 Properties Ltd,Kent,,Worker (A rating),Skilled Worker
10ACT Ltd T/A TrackBack,"Chilworth, Southampton",Hampshire,Worker (A rating),Skilled Worker
10architect Ltd,Manchester,,Worker (A rating),Skilled Worker
10BE5 LTD.,London,NULL,Worker (A rating),Skilled Worker
10BIT FX LIMITED,London,,Worker (A rating),Skilled Worker
10Pearls Ltd,London,,Worker (A rating),Skilled Worker
10X Banking Technology Services Ltd,London,NULL,Worker (A rating),Skilled Worker
11 2 11 Ltd,Stamford,,Worker (A rating),Skilled Worker
11 BERKELEY STREET LIMITED,London,NULL,Worker (A rating),Skilled Worker
11:FS GROUP LIMITED,London,NULL,Worker (A rating),Skilled Worker
111 By Nico Ltd,Glasgow,,Worker (A rating),Skilled Worker
111 Pilates Ltd,Blackheath,London,Worker (A rating),Skilled Worker
111 Skin Limited,London ,Fritzovia,Worker (A rating),Skilled Worker
114 GPS Ltd  T/A Sushi Atelier,LONDON,NULL,Worker (A rating),Skilled Worker
1177 Retail Limited,Portsmouth,,Worker (A rating),Skilled Worker
11and12 Limited,Hinckley,,Worker (A rating),Skilled Worker
11Arches,Bishop Auckland,,Worker (A rating),Skilled Worker
11Eleven UK Enterprises Ltd,Bristol,,Worker (A rating),Skilled Worker
11K Consulting Ltd ,London,,Worker (A rating),Skilled Worker
11Plus Teacher Ltd,Chelmsford,,Worker (A rating),Skilled Worker
11x Limited,London,NULL,Worker (A rating),Skilled Worker
12 MM GROUP LTD,London,,Worker (A rating),Skilled Worker
12.18 Roxburghe Hotel Golf & Spa Ltd,Heiton by Kelso,Roxburghe,Worker (A rating),Skilled Worker
1212 AFRO CARIBBEAN FOOD,NOTTINGHAM,,Worker (A rating),Skilled Worker
1214 Construction,Bradford,,Worker (A rating),Skilled Worker
1218 UK Limited,Leicester,Leicestershire,Worker (A rating),Skilled Worker
123 E-Filing Limited,Bolton,Lancashire,Worker (A rating),Skilled Worker
123 Insight Limited,Durely,Southampton,Worker (A rating),Skilled Worker
123 Investments Ltd,Leeds,West Yorkshire,Worker (A rating),Skilled Worker
"126 Newland Avenue,",Hull,,Worker (A rating),Skilled Worker
1265 Degrees North Ltd,Newcastle upon Tyne,,Worker (A rating),Skilled Worker
12B Solicitors Limited,London,England,Worker (A rating),Skilled Worker
13 Local Limited,Addlestone,Surrey,Worker (A rating),Skilled Worker
1313 Global Limited,Hounslow,NULL,Worker (A rating),Skilled Worker
1313 Grays Limited,London,England,Worker (A rating),Skilled Worker
1313 Superstore Ltd ,Reading ,,Worker (A rating),Skilled Worker
13th Street Hospitality Ltd t/a Sunday in Brooklyn,London,,Worker (A rating),Skilled Worker
14 DAY UK LTD,LEEDS,,Worker (A rating),Skilled Worker
14 PROMOTIONS (TRADE) LIMITED,LONDON,,Worker (A rating),Skilled Worker
14 Septembre London Limited,London,,Worker (A rating),Skilled Worker
1407 Art London Limited,Wembley,,Worker (A rating),Skilled Worker
1416 DIGITAL LTD,London,,Worker (A rating),Skilled Worker
1440Sports Management LTD,London,London,Worker (A rating),Skilled Worker
14STARS UK LIMITED,Cardiff,NULL,Worker (A rating),Skilled Worker
1508 London Limited,London,NULL,Worker (A rating),Skilled Worker
1512 Limited T/A AGAssociates,Wallington,Surrey,Worker (A rating),Skilled Worker
152 Harley Street Limited,London,London,Worker (A rating),Skilled Worker
15Below Ltd,Brighton,East Sussex,Worker (A rating),Skilled Worker
15GIFTS LTD,Brighton,East Sussex,Worker (A rating),Skilled Worker
16 Barrack Ltd TA Saffron Indian Restaurant & Pizza Place,Woodbridge,,Worker (A rating),Skilled Worker
16 Plus Care Support Solutions Ltd,Gloucester,,Worker (A rating),Skilled Worker
160B Consulting Ltd,Dungannon,Tyrone,Worker (A rating),Skilled Worker
168 EXPRESS LTD,CALDICOT,NULL,Worker (A rating),Skilled Worker
16CS Operations Ltd,London,,Worker (A rating),Skilled Worker
16HarleyCo Limited,London,NULL,Worker (A rating),Skilled Worker
17 Capital Services Ltd,London,,Worker (A rating),Skilled Worker
17 CORSHAM SHOREDITCH LIMITED,London,,Worker (A rating),Skilled Worker
1708 Retail Ltd,Waterlooville,Hampshire,Worker (A rating),Skilled Worker
1717 Retail Ltd,Waterlooville,Hampshire,Worker (A rating),Skilled Worker
173tech Ltd,Havant,Hampshire,Worker (A rating),Skilled Worker
1771 Technologies Limited ,London,,Worker (A rating),Skilled Worker
178 PARK VIEW LIMITED,ORPINGTON,KENT,Worker (A rating),Skilled Worker
1783 Limited,London,,Worker (A rating),Skilled Worker
17CARE UK LTD,High Wycombe,Buckinghamshire ,Worker (A rating),Skilled Worker
17Cicada Limited,Nottingham,,Worker (A rating),Skilled Worker
17TAOUK TRADE LIMITED,BIRMINGHAM,WEST MIDLANDS,Worker (A rating),Skilled Worker
17th Century Health Food Limited,Birmingham,,Worker (A rating),Skilled Worker
18 Degrees Below Ltd,London,,Worker (A rating),Skilled Worker
18 NOVEMBER LTD,Ilford,,Worker (A rating),Skilled Worker
18 WEEK SUPPORT LIMITED,London,,Worker (A rating),Skilled Worker
18.01 London Limited,London,,Worker (A rating),Skilled Worker
184 DISTRIBUTION LIMITED,Cambridge,,Worker (A rating),Skilled Worker
186 London Limited,London,NULL,Worker (A rating),Skilled Worker
186 LONDON LIMITED,London,,Worker (A rating),Skilled Worker
187 Couriers Ltd,Coventry,,Worker (A rating),Skilled Worker
1885 the Venue Ltd,Halifax,West Yorkshire,Worker (A rating),Skilled Worker
1899 Hartlepool Ltd,Colchester,NULL,Worker (A rating),Skilled Worker
18A Charing Cross Dental Surgery,London,,Worker (A rating),Skilled Worker
18PLUS SUPPORT LIMITED,Wickford,Essex,Worker (A rating),Skilled Worker
19 BY K & R CATERING LTD T/A 19 BY KATHERINE CARR,BALLYCASTLE,NORTHERN IRELAND,Worker (A rating),Skilled Worker
1905 Group Limited T/A 1905,London,,Worker (A rating),Skilled Worker
1910 GROUP LIMITED,Kingston Upon Thames,,Worker (A rating),Skilled Worker
"1947 Restaurant & Bar Ltd T/A 1947 Restaurant, Bar & Pizza Kitchen",London,,Worker (A rating),Skilled Worker
1953 Bar And Restaurant,Galashiels,Scottish Borders,Worker (A rating),Skilled Worker
197 Stoney Limited,London,NULL,Worker (A rating),Skilled Worker
1986 The Kebab Kafe (just halal Kebabs),Sheffield,South Yorkshire,Worker (A rating),Skilled Worker
199 Clinic Limited t/a London Longevity Clinic,London,,Worker (A rating),Skilled Worker
1A ORTHODONTICS LIMITED,London,,Worker (A rating),Skilled Worker
1Breadcrumb UK Ltd,London,,Worker (A rating),Skilled Worker
1CLICK STUDIO,DAGENHAM,Essex,Worker (A rating),Skilled Worker
1D Agency Ltd T/A One Day Agency,MANCHESTER,,Worker (A rating),Skilled Worker
1DA Limited,Middlesex,,Worker (A rating),Skilled Worker
1decision Limited,Stevenage,Hertfordshire,Worker (A rating),Skilled Worker
1E Limited,London,NULL,Worker (A rating),Skilled Worker
1GLOBAL Operations (UK) Limited,London,,Worker (A rating),Skilled Worker
1LWW CO LIMITED,"Nottingham, ",England,Worker (A rating),Skilled Worker
1OAK CAPITAL LIMITED,London,NULL,Worker (A rating),Skilled Worker
1OSD Ltd,Sheffield,,Worker (A rating),Skilled Worker
1partCarbon Ltd,Edinburgh,Scotland,Worker (A rating),Skilled Worker
1PS Group Limited,LONDON,,Worker (A rating),Skilled Worker
1SA LIMITED T/A Subway,Hammersmith,,Worker (A rating),Skilled Worker
1SKY LTD,Oldham,England,Worker (A rating),Skilled Worker
1st Adtube Limited,London,NULL,Worker (A rating),Skilled Worker
1st Airport Taxis LTD,Luton,,Worker (A rating),Skilled Worker
1ST ASSIST LIMITED ,London ,,Worker (A rating),Skilled Worker
1st Care Limited t/as The Hawthorne Nursing Home,Nottinghamshire,,Worker (A rating),Skilled Worker
1st Central Care Limited,Stanford-le-Hope,,Worker (A rating),Skilled Worker
1st Choice 24/7 Recruitment Ltd,East Ham,London,Worker (A rating),Skilled Worker
1ST CHOICE ACCOUNTANTS LTD,Birmingham ,West Midlands,Worker (A rating),Skilled Worker
1ST CHOICE AUTOS LTD,Walsall,,Worker (A rating),Skilled Worker
1st Choice Cabs Ltd,Ilford,NULL,Worker (A rating),Skilled Worker
1ST CHOICE CABS LTD,London,,Worker (A rating),Skilled Worker
1ST CHOICE CONSULTANCY LTD,Birmingham,,Worker (A rating),Skilled Worker
"1ST CHOICE PLUMBING,HEATING &COOLING LTD",Leicester,,Worker (A rating),Skilled Worker
1ST CHOICE RESOURCE GRP LTD,Edinburgh,,Worker (A rating),Skilled Worker
1st Choice Windows Yorkshire Ltd.,Bradford,West Yorkshire,Worker (A rating),Skilled Worker
1ST Class Care Agency Ltd,Prescot,Merseyside,Worker (A rating),Skilled Worker
1st Class care services 2LTD,Ledbury,Herefordshire,Worker (A rating),Skilled Worker
1st Class Care Solutions Limited,Livingston,NULL,Worker (A rating),Skilled Worker
1st Class Protection Ltd,London,,Worker (A rating),Skilled Worker
1st Cloud Accountants,Sunderland,Tyne and Wear,Worker (A rating),Skilled Worker
1st Enable Ltd,Ellesmere Port,Cheshire,Worker (A rating),Skilled Worker
1st Focus Homecare Ltd,Edinburgh,NULL,Worker (A rating),Skilled Worker
1st Formations Limited,London,,Worker (A rating),Skilled Worker
1st Fresh Foods Ltd,Mitcham,,Worker (A rating),Skilled Worker
1st Glimpse Ltd,Burnham on Crouch,Essex,Worker (A rating),Skilled Worker
1st Grade Care Ltd,St Mellons,Cardiff,Worker (A rating),Skilled Worker
1st Homecare Solutions Limited,Leighton Buzzard,Bedfordshire,Worker (A rating),Skilled Worker
1st Line Defence Ltd,Hoddesdon,Hertfordshire,Worker (A rating),Skilled Worker
1st Locate UK LTD,Leeds,,Worker (A rating),Skilled Worker
1ST LOOK FIRE & SECURITY SOLUTIONS LTD,Colne,,Worker (A rating),Skilled Worker
1ST MALL LTD,Reading,England ,Worker (A rating),Skilled Worker
1st Med Limited,Preston,Lancs,Worker (A rating),Skilled Worker
1st Mr Clutch Ltd,Ilford,Essex,Worker (A rating),Skilled Worker
1ST NATIONAL SECURITY LTD,Waltham Abbey,,Worker (A rating),Skilled Worker
1st Option Representation Limited ,London ,,Worker (A rating),Skilled Worker
1ST PERFORMANCE & EXHAUSTS LIMITED,Norfolk,,Worker (A rating),Skilled Worker
1ST SHIELD SECURITY SERVICE LIMITED,London,London,Worker (A rating),Skilled Worker
1st Staff Limited,Epping,Essex,Worker (A rating),Skilled Worker
1st Step Childcare Ltd,Poplar,London ,Worker (A rating),Skilled Worker
1ST STOP OFF-LICENCE LTD,Nantwich,Cheshire East,Worker (A rating),Skilled Worker
1st Technologies Ltd,Preston,Lancashire,Worker (A rating),Skilled Worker
1ST TRANSPORT INNOVATION (READING) LTD, Reading,,Worker (A rating),Skilled Worker
1ST VISA INTERNATIONAL LIMITED,London,NULL,Worker (A rating),Skilled Worker
1stavenue.co.uk Ltd,Bromley,Kent,Worker (A rating),Skilled Worker
1stCurve Limited,Hockley,Essex,Worker (A rating),Skilled Worker
1stopbabystore ltd,London,,Worker (A rating),Skilled Worker
1SW EVENTS LONDON LTD,ALFREDS  WAY,NULL,Worker (A rating),Skilled Worker
1WorldSync Limited,Bristol,,Worker (A rating),Skilled Worker
2 Agriculture Limited T/A 2 Agriculture,Newbridge,Midlothian,Worker (A rating),Skilled Worker
2 Bro's Pizza & Dessert ltd,Luton,,Worker (A rating),Skilled Worker
2 Bro's Pizza & Dessert Ltd,Luton,,Worker (A rating),Skilled Worker
2 Brothers Dinning Limited ,Birmingham,,Worker (A rating),Skilled Worker
2 CARERS LTD,STOKE-ON-TRENT,Staffordshire,Worker (A rating),Skilled Worker
2 Chai Ltd,London,,Worker (A rating),Skilled Worker
2 degrees Limited,Oxford,Oxfordshire,Worker (A rating),Skilled Worker
2 EXCEL ENGINEERING LIMITED,Lasham,Hampshire,Worker (A rating),Skilled Worker
2 FRIENDS PUB COMPANY LTD,"Oldbury,",West Midlands,Worker (A rating),Skilled Worker
2 Guyz Limited,Illford,,Worker (A rating),Skilled Worker
2 Karaks Ltd,Luton,,Worker (A rating),Skilled Worker
2 Love Coffee Shop LTD ,London,,Worker (A rating),Skilled Worker
2 MATES KEBAB LTD,Bagshot,,Worker (A rating),Skilled Worker
2 Picardy Road Ltd,London,,Worker (A rating),Skilled Worker
2 Plan Project Management Limited,Woking,Surrey,Worker (A rating),Skilled Worker
2 Sisters Food Group Limited,Wakefield,,Worker (A rating),Skilled Worker
2-4c,Brentwood,,Worker (A rating),Skilled Worker
2-DTech Ltd.,Manchester,NULL,Worker (A rating),Skilled Worker
2.0 Consulting Limited,London,,Worker (A rating),Skilled Worker
2:30 Limited,Corby,Northamptonshire,Worker (A rating),Skilled Worker
20-20 Events Management Limited,London,,Worker (A rating),Skilled Worker
200 CONFERENCE & EVENTS LIMITED,Glasgow,,Worker (A rating),Skilled Worker
200 Degrees Coffee Roasters,Nottingham,,Worker (A rating),Skilled Worker
200OK Solutions Ltd,Stanmore,,Worker (A rating),Skilled Worker
201 ASIAN KITCHEN,London,,Worker (A rating),Skilled Worker
202 AHST GAS SERVICES LTD ,Manchester,,Worker (A rating),Skilled Worker
2020 Innovation Training Limited,Birmingham,West Midlands,Worker (A rating),Skilled Worker
2023 Cool Foods Ltd T/A Oishii Sushi,London,Middlesex ,Worker (A rating),Skilled Worker
2030 AUTO CARE LIMITED,Manchester,,Worker (A rating),Skilled Worker
2035 LTD,Staines-Upon-Thames,England,Worker (A rating),Skilled Worker
21 Six ltd,Curdridge,Hampshire,Worker (A rating),Skilled Worker
21 Six Platform Limited,London,,Worker (A rating),Skilled Worker
214 Limited T/A Chai Naasto,Beckenham,Kent,Worker (A rating),Skilled Worker
21D Bioengineering Ltd,Warrington,,Worker (A rating),Skilled Worker
21D Bioengineering Ltd,Warrington,NULL,Worker (A rating),Skilled Worker
21D Clinical Limited,Warrington,,Worker (A rating),Skilled Worker
21Hundred,London,,Worker (A rating),Skilled Worker
21ST AMENDMENT LTD,London,,Worker (A rating),Skilled Worker
21ST CENTURY CARE (PLYMOUTH) LIMITED,IVYBRIDGE ,DEVON,Worker (A rating),Skilled Worker
22 Hotel Management Limited,London,,Worker (A rating),Skilled Worker
22cans Ltd.,GUILDFORD,Surrey,Worker (A rating),Skilled Worker
23 Architecture Ltd,London,,Worker (A rating),Skilled Worker
23 Consult Ltd,Liverpool,Merseyside,Worker (A rating),Skilled Worker
238JG Ltd ,Britsol ,,Worker (A rating),Skilled Worker
2399098 Ontario Inc o/a MAK Consulting Group,High Wycombe,Bucks,Worker (A rating),Skilled Worker
23MD Medical Services Ltd ,Canterbury ,Kent ,Worker (A rating),Skilled Worker
24 7 Manpower Limited,Stanwell,,Worker (A rating),Skilled Worker
24 7 Property Maintenance Ltd,London,NULL,Worker (A rating),Skilled Worker
24 Acoustics Ltd,Southampton,Hants,Worker (A rating),Skilled Worker
24 RT Limited,Edinburgh,,Worker (A rating),Skilled Worker
24 Seven UK Limited,London,,Worker (A rating),Skilled Worker
24-4 7 FM Limited,Manchester ,,Worker (A rating),Skilled Worker
24/7 Helping Hands Service,Leicester,,Worker (A rating),Skilled Worker
24/7 Hire & Property Maintenance Services Limited,Liverpool,NULL,Worker (A rating),Skilled Worker
24/7 Medicine Limited T/ A 24-7 Pharmacy,Liverpool,Merseyside ,Worker (A rating),Skilled Worker
24/7 MY MART LIMITED,Wolverhampton,,Worker (A rating),Skilled Worker
24/7 RETAIL LTD,Manchester,United Kingdom,Worker (A rating),Skilled Worker
24/7 Support UK Limited,Peterborough,Cambridgeshire,Worker (A rating),Skilled Worker
247 ALLIANCE LTD,Birmingham,,Worker (A rating),Skilled Worker
247 Bluebell Care Ltd,Luton,Bedfordshire,Worker (A rating),Skilled Worker
247 CARS (WILLENHALL) LIMITED,Willenhall,West Midlands,Worker (A rating),Skilled Worker
247 Commerce Ltd,Brentford,Middlesex,Worker (A rating),Skilled Worker
247 Homecare Limited,Swindon,Wiltshire,Worker (A rating),Skilled Worker
247 IT SERVICES LIMITED,Hamshire,Farnborough,Worker (A rating),Skilled Worker
247 PEST CONTROL LTD,Ilford,,Worker (A rating),Skilled Worker
A Better Carehome Ltd T/As Breton Court ,Tenterden ,Kent ,Worker (B rating),Skilled Worker
Abi-Support Limited,Oxfordshire,NULL,Worker (B rating),Skilled Worker
Akaal Transport Ltd,"Leicester, Leicestershire",NULL,Worker (B rating),Skilled Worker
Care Perfect Ltd,Stoke on Trent,Staffordshire,Worker (B rating),Skilled Worker
Cocoon Vegetarian Cafe,Cheadle,,Worker (B rating),Skilled Worker
Delhi Brothers Limited,Basingstoke,Hampshire,Worker (B rating),Skilled Worker
DM GOLD LIMITED,MANCHESTER,,Temporary Worker (B rating),Creative Worker
Fabulatte Ltd,High Wycombe ,Buckinghamshire ,Worker (B rating),Skilled Worker
HBCUK LTD,London,,Worker (B rating),Skilled Worker
Jenab 3 Limited T/A Creams Shepherds Bush ,London,,Worker (B rating),Skilled Worker
LPC Components Ltd t/a Hedin Heaters,London,,Worker (B rating),Skilled Worker
Mohammed Saleh Uddin T/A The Raj Restaurant,Wigan,,Worker (B rating),Skilled Worker
NETLIGHT CONSULTING LIMITED,SLOUGH,BERKSHIRE,Worker (B rating),Global Business Mobility: Senior or Specialist Worker
Newdawn Support Services Ltd,London,,Worker (B rating),Skilled Worker
Prestige BB Ltd,Blackburn,,Worker (B rating),Skilled Worker
SOLUTION CARE 247 LTD,Corby,Northamptonshire,Worker (B rating),Skilled Worker
 Al Arsh Al Malaki Technical Services UK Ltd,England,,Worker (UK Expansion Worker: Provisional ),Global Business Mobility: UK Expansion Worker
 Al Tohfa Alshrqia General Contracting Ltd,London,,Worker (A rating),Global Business Mobility: UK Expansion Worker
 BEHIND THE SCENE DECOR UK LIMITED 15234479,LONDON,,Worker (UK Expansion Worker: Provisional ),Global Business Mobility: UK Expansion Worker
 Lemas Real Estate UK Ltd 15362523,England,,Worker (A rating),Global Business Mobility: UK Expansion Worker
 RAINBOW POLYCARBONATE INDUSTRY TRADE LTD,London,,Worker (UK Expansion Worker: Provisional ),Global Business Mobility: UK Expansion Worker
 Saga D&B Trading and Contracting UK Ltd,England,,Worker (A rating),Global Business Mobility: UK Expansion Worker
 Sweep London Limited,London,,Temporary Worker (A rating),Global Business Mobility: Graduate Trainee
"""K"" Line Energy Shipping (UK) Limited",LONDON,NULL,Worker (A rating),Global Business Mobility: Senior or Specialist Worker
'Enterprise Singapore Board',London,NULL,Worker (A rating),Global Business Mobility: Senior or Specialist Worker
00Nation Limited,London,London,Worker (A rating),Global Business Mobility: Senior or Specialist Worker
10 Europe Limited,Edinburgh,NULL,Worker (A rating),Global Business Mobility: Senior or Specialist Worker
17 Capital Services Ltd,London,,Worker (A rating),Global Business Mobility: Senior or Specialist Worker
1E Limited,London,NULL,Worker (A rating),Global Business Mobility: Senior or Specialist Worker
1GLOBAL Operations (UK) Limited,London,,Worker (A rating),Global Business Mobility: Senior or Specialist Worker
2 Sisters Food Group Limited,Wakefield,,Worker (A rating),Global Business Mobility: Senior or Specialist Worker
26.2 Services Limited,London,,Worker (A rating),Global Business Mobility: Senior or Specialist Worker
2H Offshore Engineering Ltd,Woking,Surrey,Worker (A rating),Global Business Mobility: Senior or Specialist Worker
2X GLOBAL LIMITED,London,,Worker (A rating),Global Business Mobility: Senior or Specialist Worker
3-D Matrix UK Limited,London,NULL,Worker (A rating),Global Business Mobility: Senior or Specialist Worker
360 Trading Networks UK Limited,London,,Worker (A rating),Global Business Mobility: Senior or Specialist Worker
 CORBY MUSLIM ASSOCIATION,Corby,,Worker (A rating),Tier 2 Ministers of Religion
 Haverfordwest Central Mosque,Haverfordwest  ,,Worker (A rating),Tier 2 Ministers of Religion
 J-Praise International,Glasgow,Lanarkshire,Worker (A rating),Tier 2 Ministers of Religion
 J-Praise International,Glasgow,Lanarkshire,Temporary Worker (A rating),Charity Worker 
 J-Praise International,Glasgow,Lanarkshire,Temporary Worker (A rating),Religious Worker
 MODE AGENCE LTD,London,,Temporary Worker (A rating),Creative Worker
 Polish Residential Care Home,Corby,Northamptonshire,Temporary Worker (A rating),Religious Worker
 REDCLIFF MGT LTD,Hemel Hempstead,,Temporary Worker (A rating),Creative Worker
'Enterprise Singapore Board',London,NULL,Temporary Worker (A rating),International Agreement
@ Home Accommodation Services Ltd,London,NULL,Temporary Worker (A rating),Creative Worker
1 MODEL MANAGEMENT LONDON LIMITED,London,,Temporary Worker (A rating),Creative Worker
10BIT FX LIMITED,London,,Temporary Worker (A rating),Creative Worker
1266 Music Group,Glasgow,NULL,Temporary Worker (A rating),Creative Worker
178 PARK VIEW LIMITED,ORPINGTON,KENT,Temporary Worker (A rating),Creative Worker
